{"0": {"Squad": "Qatar", "xGS": 1.4717311946, "xGA": 1.0457861861, "% of Points Taken": 0.6010889696}, "1": {"Squad": "Iran", "xGS": 1.5206215551, "xGA": 0.7594128787, "% of Points Taken": 0.6970299892}, "2": {"Squad": "South Korea", "xGS": 1.4705959439, "xGA": 0.6463785197, "% of Points Taken": 0.7283852253}, "3": {"Squad": "Japan", "xGS": 1.5855921549, "xGA": 1.1521382929, "% of Points Taken": 0.5946461186}, "4": {"Squad": "Saudi Arabia", "xGS": 1.1779602458, "xGA": 0.7650932383, "% of Points Taken": 0.6266449554}, "5": {"Squad": "Australia", "xGS": 1.7580874591, "xGA": 0.9765950303, "% of Points Taken": 0.6694042297}, "6": {"Squad": "Ghana", "xGS": 0.7475156339, "xGA": 0.7962572201, "% of Points Taken": 0.481058952}, "7": {"Squad": "Senegal", "xGS": 1.4492380221, "xGA": 0.5341929926, "% of Points Taken": 0.7681052592}, "8": {"Squad": "Tunisia", "xGS": 1.0729974352, "xGA": 0.6427868966, "% of Points Taken": 0.6490526724}, "9": {"Squad": "Cameroon", "xGS": 1.2447218458, "xGA": 0.57764202, "% of Points Taken": 0.7152978817}, "10": {"Squad": "Morocco", "xGS": 1.5141958968, "xGA": 0.4939295959, "% of Points Taken": 0.793195561}, "11": {"Squad": "Canada", "xGS": 1.8301930148, "xGA": 1.1639512, "% of Points Taken": 0.632538192}, "12": {"Squad": "Mexico", "xGS": 1.8203909501, "xGA": 0.7069713662, "% of Points Taken": 0.7567567102}, "13": {"Squad": "United States", "xGS": 1.6669379218, "xGA": 0.8769784146, "% of Points Taken": 0.6836752213}, "14": {"Squad": "Costa Rica", "xGS": 1.1342867416, "xGA": 1.0393074723, "% of Points Taken": 0.5262107808}, "15": {"Squad": "Brazil", "xGS": 1.8480810266, "xGA": 0.5351122825, "% of Points Taken": 0.8156744453}, "16": {"Squad": "Argentina", "xGS": 1.5222678599, "xGA": 0.7125878199, "% of Points Taken": 0.7131769365}, "17": {"Squad": "Ecuador", "xGS": 1.1006187355, "xGA": 1.0888020039, "% of Points Taken": 0.5032383034}, "18": {"Squad": "Uruguay", "xGS": 1.2405811606, "xGA": 1.0549040312, "% of Points Taken": 0.5484861995}, "19": {"Squad": "Germany", "xGS": 2.6346617858, "xGA": 0.745795466, "% of Points Taken": 0.8197227828}, "20": {"Squad": "Denmark", "xGS": 2.0995627651, "xGA": 0.7362782223, "% of Points Taken": 0.7785871019}, "21": {"Squad": "Belgium", "xGS": 2.4298955998, "xGA": 0.6540772413, "% of Points Taken": 0.8284744477}, "22": {"Squad": "France", "xGS": 1.8473934403, "xGA": 0.6423015265, "% of Points Taken": 0.7803603815}, "23": {"Squad": "Croatia", "xGS": 1.8073179771, "xGA": 0.8935792372, "% of Points Taken": 0.6995670576}, "24": {"Squad": "Spain", "xGS": 2.1824670173, "xGA": 0.5924345298, "% of Points Taken": 0.827036032}, "25": {"Squad": "Serbia", "xGS": 2.0163057545, "xGA": 1.0694873598, "% of Points Taken": 0.6815502056}, "26": {"Squad": "England", "xGS": 2.2437883277, "xGA": 0.6040736573, "% of Points Taken": 0.8284482999}, "27": {"Squad": "Switzerland", "xGS": 1.7641583475, "xGA": 0.9278359937, "% of Points Taken": 0.6837563792}, "28": {"Squad": "Netherlands", "xGS": 2.4548423901, "xGA": 0.5886784475, "% of Points Taken": 0.8472929704}, "29": {"Squad": "Portugal", "xGS": 2.2732356515, "xGA": 0.7636734019, "% of Points Taken": 0.7873429479}, "30": {"Squad": "Poland", "xGS": 1.5147320253, "xGA": 0.9385454498, "% of Points Taken": 0.6397766893}, "31": {"Squad": "Wales", "xGS": 1.3342312912, "xGA": 1.1509659093, "% of Points Taken": 0.5442103818}}